-- +goose Up
INSERT INTO users
    (id, email, username, active, admin)
VALUES
    ('00000000-0000-1000-b000-000000000001', 'admin@crm.local', 'admin', true, true),
    ('00000000-0000-1000-b000-000000000011', 'gunslinger01@crm.local', 'gunslinger01', true, false),
    ('00000000-0000-1000-b000-000000000012', 'gunslinger02@crm.local', 'gunslinger02', true, false),
    ('00000000-0000-1000-b000-000000000013', 'gunslinger03@crm.local', 'gunslinger03', true, false),
    ('00000000-0000-1000-b000-000000000014', 'gunslinger04@crm.local', 'gunslinger04', false, false),
    ('00000000-0000-1000-b000-000000000015', 'gunslinger05@crm.local', 'gunslinger05', true, false);

INSERT INTO auth_password
    (user_id, password)
VALUES
    ('00000000-0000-1000-b000-000000000001', '$argon2id$v=19$m=8192,t=10,p=1$3aRBd4O7u7LsTEjpVVg/7w$WycMmsSAJHuUL5AmtXy0jiHwvvDVy141dPKmqmk70C8'),
    ('00000000-0000-1000-b000-000000000011', '$argon2id$v=19$m=8192,t=10,p=1$BT5STD3EKRLsASlBPuKXVQ$zVLWe8paTCclFFs60GHQNlkMrpCWU5YLo6cOyvjHUt0'),
    ('00000000-0000-1000-b000-000000000012', '$argon2id$v=19$m=8192,t=10,p=1$ADD7Cl1jV5tNh2zenIWN2Q$kvYvMFA0+Eqx0Xv7MsEZsd6lmL6BHhBjQBBGOPqxz68'),
    ('00000000-0000-1000-b000-000000000013', '$argon2id$v=19$m=8192,t=10,p=1$md1hWWkHGOA6tCcRiMMB2g$IIC+Vrik3L79QIYwRY40Q8qATuxUPtdEZjfKblFeGDY'),
    ('00000000-0000-1000-b000-000000000014', '$argon2id$v=19$m=8192,t=10,p=1$DIJLi3jIW+Gyiv+KDzUv7g$UQ5h2BooH2PYpmG1irKHIDSGLud7RPofUdmiDfklPQM'),
    ('00000000-0000-1000-b000-000000000015', '$argon2id$v=19$m=8192,t=10,p=1$aQMxdygeoRuHICR3kNgt/g$Opq9rxeNJtwcCkOiJiI1iWtw3bxGwOQqyFMcjhS0Pck');

INSERT INTO groups
    (id, name)
VALUES
    ('00000000-0000-1000-b000-000000000021', 'CAG'),
    ('00000000-0000-1000-b000-000000000022', 'Staff');

INSERT INTO group_members
    (group_id, user_id, level)
VALUES
    ('00000000-0000-1000-b000-000000000021', '00000000-0000-1000-b000-000000000011', 'owner'),
    ('00000000-0000-1000-b000-000000000021', '00000000-0000-1000-b000-000000000012', 'owner'),
    ('00000000-0000-1000-b000-000000000021', '00000000-0000-1000-b000-000000000013', 'owner'),
    ('00000000-0000-1000-b000-000000000022', '00000000-0000-1000-b000-000000000011', 'owner'),
    ('00000000-0000-1000-b000-000000000022', '00000000-0000-1000-b000-000000000014', 'owner');

INSERT INTO organizations
    (id, name)
VALUES
    ('00000000-0000-1000-b000-000000000031', 'Microsoft'),
    ('00000000-0000-1000-b000-000000000032', 'Google'),
    ('00000000-0000-1000-b000-000000000033', 'Amazon');

INSERT INTO locations
    (id, city, state)
VALUES
    ('00000000-0000-1000-b000-000000000041', 'Redmond', 'WA'),
    ('00000000-0000-1000-b000-000000000042', 'Mountain View', 'CA'),
    ('00000000-0000-1000-b000-000000000043', 'Seattle', 'WA');

INSERT INTO contacts
    (id, last_name, first_name, grade, location, org, title)
VALUES
    ('00000000-0000-1000-b000-000000000051', 'Gates', 'William', '5c7d3062-79d2-41f1-b411-7c32f918ebc5', '00000000-0000-1000-b000-000000000041', '00000000-0000-1000-b000-000000000031', 'Chairman'),
    ('00000000-0000-1000-b000-000000000052', 'Nadella', 'Satya', '5c7d3062-79d2-41f1-b411-7c32f918ebc5', '00000000-0000-1000-b000-000000000041', '00000000-0000-1000-b000-000000000031', 'CEO'),
    ('00000000-0000-1000-b000-000000000053', 'Scott', 'Kevin', '5c7d3062-79d2-41f1-b411-7c32f918ebc5', '00000000-0000-1000-b000-000000000041', '00000000-0000-1000-b000-000000000031', 'CTO'),
    ('00000000-0000-1000-b000-000000000054', 'Pichai', 'Sundar', '5c7d3062-79d2-41f1-b411-7c32f918ebc5', '00000000-0000-1000-b000-000000000042', '00000000-0000-1000-b000-000000000032', 'CEO'),
    ('00000000-0000-1000-b000-000000000055', 'Porat', 'Ruth', '5c7d3062-79d2-41f1-b411-7c32f918ebc5', '00000000-0000-1000-b000-000000000042', '00000000-0000-1000-b000-000000000032', 'CFO'),
    ('00000000-0000-1000-b000-000000000056', 'Jassy', 'Andy', '5c7d3062-79d2-41f1-b411-7c32f918ebc5', '00000000-0000-1000-b000-000000000043', '00000000-0000-1000-b000-000000000033', 'CEO');


INSERT INTO engagements
    (id, created_by, topic, date, public)
VALUES
    ('00000000-0000-1000-b000-000000000061', '00000000-0000-1000-b000-000000000011', 'Cyber Warfare', '2023-02-22 13:00:22.765638+00', true),
    ('00000000-0000-1000-b000-000000000062', '00000000-0000-1000-b000-000000000011', 'Retention', '2023-02-15 04:57:00.765638+00', false);

INSERT INTO engagement_contacts
    (engagement_id, contact_id)
VALUES
    ('00000000-0000-1000-b000-000000000061', '00000000-0000-1000-b000-000000000051'),
    ('00000000-0000-1000-b000-000000000061', '00000000-0000-1000-b000-000000000052'),
    ('00000000-0000-1000-b000-000000000061', '00000000-0000-1000-b000-000000000053'),
    ('00000000-0000-1000-b000-000000000062', '00000000-0000-1000-b000-000000000054'),
    ('00000000-0000-1000-b000-000000000062', '00000000-0000-1000-b000-000000000055');


INSERT INTO engagement_notes
    (id, engagement_id, public, note)
VALUES
    ('00000000-0000-1000-b000-000000000071', '00000000-0000-1000-b000-000000000061', true, 'Azure can do it!'),
    ('00000000-0000-1000-b000-000000000072', '00000000-0000-1000-b000-000000000061', false, 'Or can it?'),
    ('00000000-0000-1000-b000-000000000073', '00000000-0000-1000-b000-000000000062', false, 'Stability....');

INSERT INTO engagement_permissions
    (engagement_id, group_id)
VALUES
    ('00000000-0000-1000-b000-000000000061', '00000000-0000-1000-b000-000000000021'),
    ('00000000-0000-1000-b000-000000000062', '00000000-0000-1000-b000-000000000021');

-- +goose Down
-- +goose StatementBegin
DELETE FROM engagement_permissions;
DELETE FROM engagement_notes;
DELETE FROM engagement_contacts;
DELETE FROM engagements;
DELETE FROM contacts;
DELETE FROM group_members;
DELETE FROM groups;
DELETE FROM locations;
DELETE FROM organizations;
DELETE FROM auth_password;
DELETE FROM users;
-- +goose StatementEnd
